,mean,std,min,max
Random Forest,0.9322938530734632,0.010123038006574046,0.9217391304347826,0.9478260869565217
Gradient Boosting,0.9166716641679159,0.020991304270728373,0.8782608695652174,0.9391304347826087
Logistic Regression,0.9080359820089955,0.03168630819246067,0.8782608695652174,0.9652173913043478
